{
  "image_width": 1920,
  "image_height": 1080,
  "camera_matrix": [
    [
      1627.686933720455,
      0.0,
      964.0700768981858
    ],
    [
      0.0,
      1626.429722457658,
      533.5230113951594
    ],
    [
      0.0,
      0.0,
      1.0
    ]
  ],
  "dist_coeffs": [
    [
      0.2083269023188205,
      -0.7665347802185316,
      0.0030638388598956665,
      -0.0011824411720110992,
      1.039593470834689
    ]
  ],
  "reprojection_rmse_px": 0.4154068338714574,
  "checkerboard": {
    "inner_corners_rows": 6,
    "inner_corners_cols": 8,
    "square_size_m": 0.035
  }
}